,SP,OB,improvement over standard approach
0.8,0.113048828793738,0.4399540087813721,2.891716645592933
0.9,0.12388286803602704,0.4561363549520567,2.6819970524042396
1.0,0.1353439525538433,0.4738180472536679,2.500843874536322
1.1,0.14634563097795864,0.4868356750414582,2.3266157095920894
1.2,0.15643587785242496,0.49525642535435155,2.165874939645116
1.3,0.1648138095613542,0.4987255182691579,2.02599351108088
1.4,0.16994261380272146,0.4999527360934894,1.9418915297717039
1.5,0.17223523473109928,0.5000290073817033,1.9031748826677708
