,SP,OB,improvement over standard approach
5,0.1353439525538433,0.5625841806348437,3.1566998009093057
15,0.1353439525538433,0.5060342557207844,2.7388759983160105
30,0.1353439525538433,0.47381804725366794,2.500843874536322
60,0.1353439525538433,0.4058178749739732,1.998418971195053
120,0.10757737609025561,0.21303282706209062,0.9802753590433967
