,SP,OB,improvement over standard approach
5,0.1353439525538433,0.42129176973010457,2.112749123848005
15,0.1353439525538433,0.3398895764187553,1.511302278419392
30,0.1353439525538433,0.2856376307081309,1.1104572854446086
60,0.1353439525538433,0.2059527058276993,0.5216986200086321
120,0.10757737609025561,0.11085369150069531,0.030455431518310747
